address, born_chain, born_day, born_time
0xb15485d97e571baffba8dd44749efdf1ab0642e5, eth, 2023-04-10, 07:58:59
0x14cdf7e5722fd2fb8d71d188fea7e30b4ca66a0d, eth, 2023-04-10, 01:20:59
0xc1ab0e99c2fceaf02771ab69c8529cbfc6a8a2a6, eth, 2023-04-10, 03:20:47
0x9049a50b28ad0318c7675429f15fcd32e7610cae, eth, 2023-04-10, 03:33:11
0xc1ee413ad7c977472936fe35395fa6fde9666d79, eth, 2023-04-10, 03:08:11
0x61b6d647e9bb2666e8a9c3c64f29d4a10fa16315, eth, 2023-04-10, 01:54:11
0x69193341e8194104e722ff6f70fcb73465ec992a, eth, 2023-04-10, 05:01:59
0x26756abb09ece065b851de1ffe9ab6868579c90e, eth, 2023-04-10, 02:54:47
0xae3bd30f97eefa32c7da340e357dea01fe783e36, eth, 2023-04-10, 00:37:47
0xbe10ffee4b23fd421fda5cb52ebbe9778d52abd1, eth, 2023-04-10, 03:59:59
0xd0b43912e83b50a8226e8c140b2c548ed40ab264, eth, 2023-04-10, 00:12:59
0x2abb61edd18f0915b03b3bdd1bb401a00af63724, eth, 2023-04-10, 03:09:23
0x082b5cd403843198ccfa787a759e6459fa4574fd, eth, 2023-04-10, 04:40:47
0x117a8a16aa86eae48096fce25eba371ff8fd0314, eth, 2023-04-10, 04:45:59
0xaf2b2c0beaf39d3568c5dab46999a13a060a4d81, eth, 2023-04-10, 04:47:23
0xe4b50c22d37cf885b68d1ab6fcc3b8682ab76f40, eth, 2023-04-10, 02:06:11
0xb679cfb4c0fc82275c714a277c97068e9e89ed08, eth, 2023-04-10, 04:58:59
0xd57f0c8e1d7d60f0f0a95d914e0358c06adcbded, eth, 2023-04-10, 04:26:59
0x8662613b6a5a11233ecdd8d2d958998674550f58, eth, 2023-04-10, 02:26:59
0x9f7f3c38a5ec64bdff218dfa3fc1e013630a1878, eth, 2023-04-10, 04:34:11
0x16693f8c424e51b7890b718c2711b06a688f6271, eth, 2023-04-10, 02:00:11
0x39a6e7751bcfe832d934444d3aea3cc3b3d8fd38, eth, 2023-04-10, 02:59:59
0xe9f7f5fa2b7b5a02280713d076ac63320abd6adb, eth, 2023-04-09, 23:31:47
0xa288360d65249ca9fc60af2032683eece1ea4a0f, eth, 2023-04-10, 01:39:35
0xec4e0aa6c788620b46866116dfc487bc69d36a62, eth, 2023-04-10, 00:24:59
0xe60a2e36eb99e7a75c30b0f98f426730fbd737db, eth, 2023-04-10, 02:49:11
0x133ca73d639fa099cc27aa6db9ebbfba1b4bbd90, eth, 2023-04-10, 01:31:59
0x23466b7dca3c30aa11ca592b04fed8370334abc5, eth, 2023-04-10, 02:51:47
0xedaf39c20a836d576d6bb2044d20a54027102991, eth, 2023-04-10, 03:33:59
0xbca6c77910a82b43873cb81f7eb4b25b03c0dcea, eth, 2023-04-10, 03:30:47
0xa47009c0e55ab3fc4fb9ba3c9512c3d68a11f75b, eth, 2023-04-10, 04:15:11
0x329e56a961d4c7b1e3817748bd36697162fd2ced, eth, 2023-04-10, 01:55:59
0x3a3b87fcf792e2afed0838f041fec313b1317754, eth, 2023-04-10, 01:40:23
0x5feba147d72947bd1499bbbccead19227b69d64d, eth, 2023-04-10, 02:53:35
0xfd257719f8a47074e8130ba13f645be5332d512b, eth, 2023-04-10, 03:38:11
0xb047d3dbfeef511e5df3ea6cdc28c7e947374875, eth, 2023-04-10, 04:58:35
0x6f1c95f0110b5f5b3bc2627a9bddc721d87ff433, eth, 2023-04-10, 02:45:35
0xc77d74d6a72f4218cf1a219c9fc128b775541c3c, eth, 2023-04-10, 03:17:35
0xbf6d63823cd48bfbdc46326ce272f8f8eee88aec, eth, 2023-04-10, 01:53:23
0xa46a24867567321d3e199856a02d38c7f13c0f84, eth, 2023-04-10, 04:39:11
0x9f3574f12090e0d4458ea695af5df6f67859a6ea, eth, 2023-04-10, 04:48:59
0x7fa823c63de294ef257cc2ac05061f750e58bbcf, eth, 2023-04-09, 23:53:59
0x2cb5172f430cfaef2cdab4a137cddbe0a529f5a3, eth, 2023-04-10, 00:50:35
0x1107a483569865d2d5780490c078b395d1d71686, eth, 2023-04-10, 03:20:59
0xbb41b75866c2a3154323a98f0f65c95bc187c46e, eth, 2023-04-10, 01:07:35
0x6026757f40947790d2b04dd4f789df0f3fe11464, eth, 2023-04-10, 03:50:59
0xb58518ed3c9c66953644885b68d466e4b4f0b822, eth, 2023-04-10, 02:16:47
0x2a4dff628665e8da2a40c3ae47057965e7df4336, eth, 2023-04-09, 23:49:47
0x50a6caa141a81c4148767d1740f67801a1d5f3ff, eth, 2023-04-10, 03:15:47
0x8eb9245b5bce653580062cfe97ad83c59931c4d4, eth, 2023-04-10, 02:17:47
0x8106ba54e05bffaa5f6a1e53433ec0c412fb7c41, eth, 2023-04-10, 04:31:23
0x0c77abd2b52e819a389e9e19250f48212e8a9693, eth, 2023-04-10, 04:18:59
0xfca5435990701420cfffa741e0bd1be78070900b, eth, 2023-04-10, 02:15:35
0xd43aa1a2b6fb34b4818f910a45700ee6d5d1832d, eth, 2023-04-10, 04:05:47
0xf98fed641d612d8e1fa01c670d9052a1445529c4, eth, 2023-04-10, 04:21:23
0xee58eb688dbd703e6005a52a372c51284c985ef9, eth, 2023-04-10, 03:20:59
0x4cc68bc6afd164874fee7a853d644f7cd9b7022b, eth, 2023-04-10, 02:04:11
0xc4552af64c035d253aea6bc0069f77bb0b3b37dd, eth, 2023-04-10, 02:41:35
0x6ba868a48d97f739d9de4030a355f0aed32edbfb, eth, 2023-04-10, 03:34:23
0x0e475595e9caa44c83a331b59af8300c12a4b8c4, eth, 2023-04-10, 04:50:59
0xa32a6a747c753065a62dbf7c1b18acb1e8cea919, eth, 2023-04-10, 04:55:47
0x13aafeae6851b92a442b8e0596850e8bd27a67aa, eth, 2023-04-10, 03:36:35
0xcef1b7a09cf60493a3d176161c4540e7dd518606, eth, 2023-04-10, 04:57:59
0x3e52bd5de135817131dd06a5ce388fab2272b28e, eth, 2023-04-10, 02:33:23
0x92726818d51655eff99e38bc502b5d475f54a977, eth, 2023-04-10, 02:48:23
0x9c1f7de26464778f53a43a5036f631754457ff4a, eth, 2023-04-10, 03:44:59
0x87283a328adb9baaaa9f848bdec6398132ece636, eth, 2023-04-10, 00:50:35
0xbc3d7e70ca347871733d74ee1ac585271c3efede, eth, 2023-04-10, 00:56:11
0xe2637d284eb581d3452cd204f4e910fea64d2687, eth, 2023-04-10, 04:41:59
0x6d5ea1ab8fcfd8b768a4cec640882d45735e9510, eth, 2023-04-10, 03:51:47
0xe582382458b846e6373e5d23911b1205bee18eb1, eth, 2023-04-10, 04:27:59
0xed228301d0ee4de611ee63843bca992dafc43a8a, eth, 2023-04-10, 03:48:23
0xd20862c89c4ca6ab8ca3712c1224fa73797444ef, eth, 2023-04-09, 23:47:35
0x532a7fc1779efa4357f38f48b0c15ca15b1ca316, eth, 2023-04-10, 02:30:59
0x8d15c69caf378478ae6694227f54d8e24e1c8486, eth, 2023-04-10, 04:13:35
0x2d903b8c553a774ebe07e538af6e05d3d1f331f8, eth, 2023-04-09, 21:39:23
0xf3622d46f014b65411a1ee7ee91e02c8b3437323, eth, 2023-04-10, 00:51:59
0xbd84fdbe987f43ced2e9c514c37d48efffc9280d, eth, 2023-04-10, 02:09:35
0x0547e9af57c4dc3c5942348ecf0bb109a8c8a077, eth, 2023-04-10, 00:38:47
0xbf7f3d4d5fb50b54bd2b69c60984ea76113b36e0, eth, 2023-04-10, 03:38:23
0x76aa76853a895d345a8ae8dc26b986c1e58143ad, eth, 2023-04-10, 04:10:47
0xb34738dcf35e6cf97016c67261dd8eb19cf209cc, eth, 2023-04-10, 04:21:47
0x996032f4858c6c67018feae492708776f555323c, eth, 2023-04-09, 23:57:11
0x03e60cebb475176d8fcb82a9ac1b61db9d839b52, eth, 2023-04-10, 03:35:47
0xe30425fdd1ae0d805d7b9d8ea08bdcef67d5216b, eth, 2023-04-10, 01:00:47
0x1eb72b636854b4256c79945b4f5bb1e340c45263, eth, 2023-04-09, 23:20:59
0xa90f185a0fcc2b9b50aec6631bf79d675089ee60, eth, 2023-04-09, 23:37:23
0x43086798555ab270c851acffbb5c02fe40f21d9a, eth, 2023-04-10, 03:50:59
0x88a1dba1ad4fa846a37c862aa3f0200753081194, eth, 2023-04-10, 02:53:35
0x37127be7d6dd6ca911f6da430270c2d995d56219, eth, 2023-04-10, 01:24:35
0x2a50c11b443c558feca31c3e94221896e5b81258, eth, 2023-04-10, 00:07:11
0x3ae4dcabfe49c3f416bfa402ce341617dc49c3d6, eth, 2023-04-09, 23:19:11
0x5ac407afd0b06d3ea4f8a00b094cae8e3393f191, eth, 2023-04-09, 23:00:23
0xce9236c379bc1ec78bfb257b45d29f1b4eac8717, eth, 2023-04-10, 03:38:47
0xa4d80f65607c7740938d4652ec5f681b109ed90a, eth, 2023-04-09, 22:08:35
0x4a0f0532f1a9cf1e58418065a666a9b4600b2d15, eth, 2023-04-09, 22:33:11
0x3e8cecd4167e1bb5101d7164e0a46752592d865c, eth, 2023-04-09, 23:16:59
0xe1eee2890caf04e9f0ee1ba13742e6a1de66c2a5, eth, 2023-04-09, 23:27:35
0x7c7850f5ad7cc0ca721417b4bf3f4316d8155c6d, eth, 2023-04-09, 23:35:35
0x67f72316b8f2e7612ad4fb291ccf100e5cc062df, eth, 2023-04-09, 23:52:35
0xd4e8451293b0e0c5b12f41071324ee562652e6c5, eth, 2023-04-10, 00:28:23
0x2a27f1c0078ad73ae73bc86b451cfdabe0ce4fef, eth, 2023-04-09, 23:53:35
0x885b9f30d698d470c58f8a1b27eb741c95a5476b, eth, 2023-04-09, 22:11:35
0x7ca33d8747de77ba4be65deff7634a7743bdf6ca, eth, 2023-04-09, 22:23:35
0xbc33f0c365d38f8a67c3e3c44c2b556fc983b0c7, eth, 2023-04-09, 22:46:59
0xbc534c278b9e73fdf13927e93fdfa84d066a49a9, eth, 2023-04-10, 00:24:35
0xf0b505ea0ffd7cdb10bce2739d17d81165e6b3bd, eth, 2023-04-09, 23:02:11
0xc706ca9070da23b5fcaacfbb573608f36a9706e0, eth, 2023-04-10, 00:34:23
0x3af92cfb2c2fa8c0d4b1d94326527c9fcdf0ce95, eth, 2023-04-10, 01:12:47
0xe6f501d9e7411519cf1c7c8fb485ed15d6c54380, eth, 2023-04-09, 23:28:47
0xd715a42abb48082c155da45d7194e2338542d2bd, eth, 2023-04-09, 23:57:35
0x67b3ef72426c5546b817243de4f3fa89170d84a3, eth, 2023-04-09, 23:10:23
0x49af45520f21e467f4ac90de605bf71e459e8c23, eth, 2023-04-10, 01:34:11
0x68cdf17130c1ee5051b654f13ba68c5b15bc0bc4, eth, 2023-04-09, 21:36:59
0xb1528c43e61a38c067ed19d8941078fc85b716f3, eth, 2023-04-09, 22:54:47
0xc7438a8f3929f5456972bd411714489de7092db6, eth, 2023-04-09, 23:48:59
0x30c3585ceaf42758e53baa289c8e100dff0fe567, eth, 2023-04-10, 00:30:35
0x5878081da8109558896f211bb2849a8d1abfbb0a, eth, 2023-04-09, 19:19:47
0xaec308c60cb01ab1941346e6d6ea48881b91fb32, eth, 2023-04-09, 23:04:11
0x614ff3e87749b1a22fe4ce0a7b2cfbad90f2ec2b, eth, 2023-04-09, 22:16:11
0xf906a858db0d79c018d2e6a73adc39c9df190738, eth, 2023-04-09, 22:20:23
0xcb549e9cd0d2169341fe3197f8fb5b9a70ff27e1, eth, 2023-04-09, 23:57:11
0x4ca8f17c89943a76d9daf71c4b9663b4f7a32c5c, eth, 2023-04-09, 23:01:23
0xd7e8bc17a58f046c336d227a64c6cdfc0d939af0, eth, 2023-04-09, 22:08:11
0xc0bdc1bd7244291b3ce91bd40ebd860aa30a1aae, eth, 2023-04-09, 22:17:59
0x376b24ddf7d66466285f6a10d3fb8beee4cda61b, eth, 2023-04-10, 00:17:47
0x2bea3f194dd31136a80f74b48898fbde8d96e5ce, eth, 2023-04-09, 23:23:47
0xff1a2dce21a7ead062c41e2aa6ebbad2705e4d8a, eth, 2023-04-09, 20:54:23
0x0369fd56e4a4f1473507f3324f5845491dc45909, eth, 2023-04-10, 00:57:35
0xe3f1da6925eccbb3d69614d2101bf9cf5511ccdb, eth, 2023-04-09, 22:45:47
0xd283f03612c451c8b19031cc591ad218f52b93ba, eth, 2023-04-10, 00:45:59
0xb1f17884e2a3cbc5cbec1b6a5bc5e787d8f4e8b2, eth, 2023-04-10, 01:12:23
0x19af92dd703bbbc599b0f583c5f9efe0fbe9e6dc, eth, 2023-04-09, 23:11:23
0x322dab3bfedf86c89e80a17bb0f8230536acab20, eth, 2023-04-09, 22:18:47
0xb25955762663b542ea597bf2afcca1d319398944, eth, 2023-04-09, 23:12:23
0xf3ca93166249d121fbed1e07f606fb8571e2ad7a, eth, 2023-04-09, 23:28:59
0x525ef7ceebc4bb8b0544bfb1b76c567ee7323f34, eth, 2023-04-10, 00:05:47
0xb27a73940959ba0bec962541bbdb23d2280eb660, eth, 2023-04-09, 22:20:59
0xd7157bf7a28627b1536bd28db386394b521d377c, eth, 2023-04-09, 22:15:35
0x8e8bed88b00e2d868471df41f3d397ae8e735074, eth, 2023-04-09, 23:20:11
0x346b12c34361b2bce9e80ca3277c7a2ac13e232d, eth, 2023-04-10, 01:07:59
0x553e5e85b2070e8f4b7ec66816e861a93cd2cb79, eth, 2023-04-09, 22:16:23
0xd2ffd44a405c8d48c809d853b389cf416ced31c9, eth, 2023-04-10, 01:00:11
0x0685b79868c521c8f6dffbbb6031a2cc056687c8, eth, 2023-04-09, 22:20:35
0xc44cef1420b0b0e3f803b28b5deb335840cb1f17, eth, 2023-04-09, 23:40:59
0x0693821e9d32e81cab2b6a3b8e1b59c8e2cb2935, eth, 2023-04-09, 23:19:23
0xc7be4feb59bb1ef13cd2514234f2e2ba7d40e06c, eth, 2023-04-09, 23:17:59
0xa7b5995655fb62c09bcdc03ea7fbd9ce70a7d054, eth, 2023-04-09, 23:38:47
0xd8a6829b0e7d20818b979ebc76cd46a52499920c, eth, 2023-04-10, 00:14:11
0x602c86d80d5c29c43e4c1744a71285870db881c5, eth, 2023-04-09, 20:32:47
0x786ee212b9d3bf41d9583dcc078f0af06f75973e, eth, 2023-04-09, 23:18:35
0x85430d135fb4fc3621f47183b4a7c1db904c7b06, eth, 2023-04-09, 23:15:47
0xfa07ffa5a56b175d45e793becf80bb60e845cf1c, eth, 2023-04-09, 23:12:23
0x35d03969628c937ae25d0c117e89c1318ddb0eb4, eth, 2023-04-09, 22:23:35
0xf17d5b363dbc4d0a8b7a089e07cc07cf82801ff6, eth, 2023-04-09, 23:48:59
0x5f09e81d335a5611a5cdd2862f8d0f5472052637, eth, 2023-04-09, 23:38:11
0x37e48e2899da33585aab91ec17af6440fe171464, eth, 2023-04-09, 23:55:23
0x050b5cc111e390b8d87d78d326f80f32dda43097, eth, 2023-04-09, 23:33:59
0xb2cffc8d2eca1370f874e2454aefc3933d6b568b, eth, 2023-04-09, 23:03:11
0xa279f168487a8b1226cd1a47d87e7f66dc28a3d4, eth, 2023-04-09, 20:16:23
0x5ced8055defabc2cc26aaa4309b9ce0a2eed1281, eth, 2023-04-09, 23:37:47
0x334243275fd052a2a313d2c3694317c0ab0ec4dc, eth, 2023-04-10, 00:51:23
0x3756ccfee8abcecce239616ecfbcd5ca9a146a5d, eth, 2023-04-10, 00:31:47
0x57a2b7a38e86a76c2a0a5ff7a1ec41e974686f82, eth, 2023-04-09, 20:32:23
0xa0cbaacd0b0bde74efbc38f4c8e1e7c17a6b0484, eth, 2023-04-09, 22:04:59
0x874b9e69df9446c7b14269698716897fc8740464, eth, 2023-04-09, 23:19:59
0x89dd3b13107226c21b6ac05ccd14fb6941a79b2a, eth, 2023-04-09, 19:05:35
0xbf04463551d55b472cbe49da51d7559e34160da9, eth, 2023-04-09, 22:28:47
0xf4ddd3024e9cafff4334b8624da7c507720b72e9, eth, 2023-04-09, 20:29:59
0x5a7d76bf0358663d0350fca3a941dd01f462b5aa, eth, 2023-04-09, 22:57:59
0x11b74cb2ab766f95dc20f7361727fda1fde4f406, eth, 2023-04-10, 00:09:47
0xfd1b22836444f5f9f97927aa75e7143b77b1baff, eth, 2023-04-10, 00:43:47
0x71a5e96fef2dcb7555fcc76cb29fbdfec928576d, eth, 2023-04-09, 19:47:47
0x449870fc3f0f95441a0f3b23147ce966d36c4444, eth, 2023-04-09, 22:44:23
0x9c05f56008d6d58f07603f54444b16ca09853c24, eth, 2023-04-09, 22:46:59
0x72bcc26906afcf55012c2c822945ebbd31cc81cc, eth, 2023-04-09, 20:08:59
0x44e13999f33c9a32909e19d6880206fc3061df8b, eth, 2023-04-09, 22:51:47
0x8bc6cc4a31497ab9c3d36f48916408a0dd861d68, eth, 2023-04-09, 22:37:35
0x685b3277522bd54af5711628be84f57a45f02680, eth, 2023-04-09, 22:43:35
0x78174529ee66354bd0afc370bb47f6b7b1e883ca, eth, 2023-04-09, 23:28:59
0x8ba2aea44720f8d74bc24c82eebd6c54b4f0d9d3, eth, 2023-04-09, 23:32:35
0xa6e1e8d2a9ccc910b7aec794098ae506e8a00919, eth, 2023-04-09, 21:07:11
0x0a16675b0a26b4ee0d06584fd8ac7988db9dea8f, eth, 2023-04-09, 22:15:11
0x79f8759a5ed86bd101f9deec5cd60e77c2b226b3, eth, 2023-04-09, 22:47:47
0xef4c9f28784db0abfaa08e38eac8a34f37da9b5a, eth, 2023-04-09, 22:48:11
0xf0e144b7ea4ff9c6c87625575d36db5faecb0eb8, eth, 2023-04-09, 22:38:35
0x47173a676f9fbb0427658ea4f973b7115c0abf60, eth, 2023-04-09, 22:08:23
0x8ecd3e4ea4e174b685013e6cd0f406342afdb716, eth, 2023-04-09, 22:34:11
0x603682eedaeb47177cf293b1b1e3899d43daf6f0, eth, 2023-04-09, 22:05:59
0xd3e00c1f3858457c77316ed11675903cb99a8a69, eth, 2023-04-09, 22:20:35
0xe0139e0d8437622b2c87d74cb3becce4c4f20ca3, eth, 2023-04-09, 19:28:59
0x767b52b33818b5e76a214eb89eb4bb34aaaef93c, eth, 2023-04-09, 21:52:59
0x19e914ccf796aab12ec5ae3eba2a57e53a6955ba, eth, 2023-04-09, 19:57:23
0x0d6e901e17ad861984972718956803987aab0afe, eth, 2023-04-09, 20:41:23
0xf8c5f4bd42c660f065f608bc7a3c8392ad840239, eth, 2023-04-09, 20:26:23
0xa9a65d2706b9f585111c1e72feba1ed4cff76ccb, eth, 2023-04-09, 20:18:59
