Address ,Â Contract (Polyhedra Network:Transfer),Time
0x029a9f90a32191ab7b543c2f6970d286b86c457b,0xc71b5f631354be6853efe9c3ab6b9590f8302e81,2024-03-21 07:45:35.000 UTC
0x0335a3018b1ace8f2e80c193af144fc23b35c34c,0xc71b5f631354be6853efe9c3ab6b9590f8302e81,2024-03-22 13:03:11.000 UTC
0x078e2aefff48dccebab0d072439e5e3925f84d77,0xc71b5f631354be6853efe9c3ab6b9590f8302e81,2024-03-21 07:47:59.000 UTC
0x07b3c9b13d018f8846802626a36780883b611f7a,0xc71b5f631354be6853efe9c3ab6b9590f8302e81,2024-03-22 03:27:11.000 UTC
0x0cc381abfb81b69c3cc3c62be1f7331c5f8cf415,0xc71b5f631354be6853efe9c3ab6b9590f8302e81,2024-03-21 07:52:23.000 UTC
0x0dca3051e1f0296fcb798ab5af379b22692aa88b,0xc71b5f631354be6853efe9c3ab6b9590f8302e81,2024-03-24 07:00:23.000 UTC
0x0eab74193233352d65942f3a85d9936afd4d9ce7,0xc71b5f631354be6853efe9c3ab6b9590f8302e81,2024-03-24 07:00:23.000 UTC
0x0faf31952995f629aea5d74bcfdcae3d09eedee2,0xc71b5f631354be6853efe9c3ab6b9590f8302e81,2024-03-22 02:28:23.000 UTC
0x14f88e686d3618cc152afffad43096db48ebd708,0xc71b5f631354be6853efe9c3ab6b9590f8302e81,2024-03-22 02:26:35.000 UTC
0x1810d95f1265c374e589e31aeac2a5a14820b282,0xc71b5f631354be6853efe9c3ab6b9590f8302e81,2024-03-24 06:40:35.000 UTC
0x1eb49efd2d8aee11e7bfade3922992b4e22f9ba8,0xc71b5f631354be6853efe9c3ab6b9590f8302e81,2024-03-22 03:30:47.000 UTC
0x21c9e44c2e11c61152a568e7aede7f92b2dce98b,0xc71b5f631354be6853efe9c3ab6b9590f8302e81,2024-03-21 07:50:59.000 UTC
0x23aec23a2b0f9f01c98405d6ca2389b2dc5947ca,0xc71b5f631354be6853efe9c3ab6b9590f8302e81,2024-03-22 02:25:23.000 UTC
0x2434251e60a719f77703216b0858156f074c4505,0xc71b5f631354be6853efe9c3ab6b9590f8302e81,2024-03-22 02:30:47.000 UTC
0x255fc492e581fab6d11ddf1e37b47b73f50de43c,0xc71b5f631354be6853efe9c3ab6b9590f8302e81,2024-03-21 07:43:47.000 UTC
0x294cf3600433c8dd194a28647b68131c0d13c557,0xc71b5f631354be6853efe9c3ab6b9590f8302e81,2024-03-21 07:46:11.000 UTC
0x2dea36d3354ab286c324d2b1b1e268dd8cc711eb,0xc71b5f631354be6853efe9c3ab6b9590f8302e81,2024-03-22 03:25:11.000 UTC
0x31f860ba86996baf884921ca996a23a2508f1c41,0xc71b5f631354be6853efe9c3ab6b9590f8302e81,2024-03-24 07:14:23.000 UTC
0x33799f9cc8d2c2c1fa1bb7eec12b203549198823,0xc71b5f631354be6853efe9c3ab6b9590f8302e81,2024-03-21 07:50:47.000 UTC
0x37df9eb86b8a0c3350ebe47303dbbf9b6b328500,0xc71b5f631354be6853efe9c3ab6b9590f8302e81,2024-03-22 12:56:47.000 UTC
0x39a8577b398966bfadf9e84a9469e036a06a7c96,0xc71b5f631354be6853efe9c3ab6b9590f8302e81,2024-03-22 02:28:11.000 UTC
0x3bbc16a84cf86879f6d68ba28bbad43e8b7c8876,0xc71b5f631354be6853efe9c3ab6b9590f8302e81,2024-03-22 02:24:59.000 UTC
0x41e78fa59ac3f6a69ef84572b59ca51db1ca3779,0xc71b5f631354be6853efe9c3ab6b9590f8302e81,2024-03-24 07:14:23.000 UTC
0x422213c99504e7936ce1713f2fe37fde2a2f45c7,0xc71b5f631354be6853efe9c3ab6b9590f8302e81,2024-03-24 07:14:47.000 UTC
0x445f92e461d6e2fcf040a58a456b0026d3598e78,0xc71b5f631354be6853efe9c3ab6b9590f8302e81,2024-03-21 07:51:23.000 UTC
0x4c901b9083a93031258f1444434ae2de1be054d2,0xc71b5f631354be6853efe9c3ab6b9590f8302e81,2024-03-22 02:30:11.000 UTC
0x4fd399d1c2c84428d8b69172476f5f6492e4f4ba,0xc71b5f631354be6853efe9c3ab6b9590f8302e81,2024-03-22 13:01:23.000 UTC
0x5061509611c302f2d135491ba9d6aa1660f308d3,0xc71b5f631354be6853efe9c3ab6b9590f8302e81,2024-03-22 13:01:11.000 UTC
0x50b467f67853e82da56e691d6684f79b4233b509,0xc71b5f631354be6853efe9c3ab6b9590f8302e81,2024-03-22 12:59:11.000 UTC
0x513bea42c706258311ea6e50f7eea88ccca37341,0xc71b5f631354be6853efe9c3ab6b9590f8302e81,2024-03-22 13:02:23.000 UTC
0x555ace3f791f2532b1f4c5b0e4d3fe0504f78153,0xc71b5f631354be6853efe9c3ab6b9590f8302e81,2024-03-22 03:32:47.000 UTC
0x5753f985ceb3fc875dcf962cd0a41f62aa2f497e,0xc71b5f631354be6853efe9c3ab6b9590f8302e81,2024-03-24 06:41:11.000 UTC
0x5cca5e41a4263be51aaf2d9657794f08aa378f98,0xc71b5f631354be6853efe9c3ab6b9590f8302e81,2024-03-22 02:29:23.000 UTC
0x643f082cf01233d2f7a335da827b3547c83fb511,0xc71b5f631354be6853efe9c3ab6b9590f8302e81,2024-03-22 02:33:23.000 UTC
0x64820528c3eb0f35300baa8a010e04299ea2f627,0xc71b5f631354be6853efe9c3ab6b9590f8302e81,2024-03-22 12:58:59.000 UTC
0x6684d2f09389beed5f8fc4752eed20e4a0c338d4,0xc71b5f631354be6853efe9c3ab6b9590f8302e81,2024-03-21 07:49:47.000 UTC
0x69c7c4e473a46b2d87a179095940017aa5cc21c5,0xc71b5f631354be6853efe9c3ab6b9590f8302e81,2024-03-22 02:34:35.000 UTC
0x6b4f3db24ba804c806fdd13f5b07475add755ac9,0xc71b5f631354be6853efe9c3ab6b9590f8302e81,2024-03-22 13:01:47.000 UTC
0x764023fbcb87c7527af3220cd1c355a45cc0b1d8,0xc71b5f631354be6853efe9c3ab6b9590f8302e81,2024-03-22 02:25:59.000 UTC
0x798f33e42d8e0e8986a1eef8c00f03fddb5d4a0d,0xc71b5f631354be6853efe9c3ab6b9590f8302e81,2024-03-22 02:29:59.000 UTC
0x7ab0f095f704f07f0fef8642c7c62704abebd100,0xc71b5f631354be6853efe9c3ab6b9590f8302e81,2024-03-24 07:14:23.000 UTC
0x7c262833d905be91062ad0c9dc1c7401470774d8,0xc71b5f631354be6853efe9c3ab6b9590f8302e81,2024-03-22 03:31:11.000 UTC
0x7cd3110222e8719b124950d8d9c6e52ceae6aac6,0xc71b5f631354be6853efe9c3ab6b9590f8302e81,2024-03-24 05:00:47.000 UTC
0x7e6c61cefc5e689aa50e4820e14377a25d5a9063,0xc71b5f631354be6853efe9c3ab6b9590f8302e81,2024-03-22 03:27:35.000 UTC
0x80257338634c7f8fc068605371413f7c4fcc9846,0xc71b5f631354be6853efe9c3ab6b9590f8302e81,2024-03-22 12:57:11.000 UTC
0x8276465c07ec5b144779147705b4a2432cb872a5,0xc71b5f631354be6853efe9c3ab6b9590f8302e81,2024-03-22 03:26:23.000 UTC
0x8391cb1a46ac49987a9b4937824552a43bafe66a,0xc71b5f631354be6853efe9c3ab6b9590f8302e81,2024-03-21 08:28:59.000 UTC
0x89787b691fde4c83be732ec30d3300116c4edbc8,0xc71b5f631354be6853efe9c3ab6b9590f8302e81,2024-03-21 07:45:11.000 UTC
0x89c6ef4ba5c26de9d8ef293509489b951c9356a5,0xc71b5f631354be6853efe9c3ab6b9590f8302e81,2024-03-22 02:26:47.000 UTC
0x8b508eff05e6f39219ba1f874790c7e3ca0b234d,0xc71b5f631354be6853efe9c3ab6b9590f8302e81,2024-03-21 07:47:35.000 UTC
0x8c69a44782e1075e595d211a0c99aea44f789eab,0xc71b5f631354be6853efe9c3ab6b9590f8302e81,2024-03-22 03:28:59.000 UTC
0x93ef991431b5cbc44fa1911e68de1dfd2b74da72,0xc71b5f631354be6853efe9c3ab6b9590f8302e81,2024-03-22 12:57:35.000 UTC
0x94963c58ce0d7b3ac3f02c2c875f96548faec22e,0xc71b5f631354be6853efe9c3ab6b9590f8302e81,2024-03-22 03:33:11.000 UTC
0x95b685d3e1ab7618069b727a43bbcbe1af462a99,0xc71b5f631354be6853efe9c3ab6b9590f8302e81,2024-03-22 12:56:47.000 UTC
0x9870c3110507bc0181881d797e88b6fcdd1f7fa0,0xc71b5f631354be6853efe9c3ab6b9590f8302e81,2024-03-22 02:24:47.000 UTC
0x9dd8adf932346c710d8353a8e21a253a906d6f7a,0xc71b5f631354be6853efe9c3ab6b9590f8302e81,2024-03-24 06:40:35.000 UTC
0x9ef523f75a35f1e8c3c3b71b9d88a265e996710a,0xc71b5f631354be6853efe9c3ab6b9590f8302e81,2024-03-22 12:59:59.000 UTC
0xa58378b899cf5d71ccc2b8cfede2bbd7bd801c1e,0xc71b5f631354be6853efe9c3ab6b9590f8302e81,2024-03-24 06:42:23.000 UTC
0xa69d6a7cd38a11f57071613a76bba8b5a26b0afe,0xc71b5f631354be6853efe9c3ab6b9590f8302e81,2024-03-22 13:00:47.000 UTC
0xa91fb70270cc623bbaecfba8c557c56e174734e4,0xc71b5f631354be6853efe9c3ab6b9590f8302e81,2024-03-22 03:27:47.000 UTC
0xad1a9667251f24558cf4f1b05e2a1bedf072ec32,0xc71b5f631354be6853efe9c3ab6b9590f8302e81,2024-03-22 03:27:59.000 UTC
0xad3b5842865ccc092b436710dc05fab96b624d95,0xc71b5f631354be6853efe9c3ab6b9590f8302e81,2024-03-21 07:54:35.000 UTC
0xae511ed3edae9f0be5377e4fde4d8d4a149ad3f9,0xc71b5f631354be6853efe9c3ab6b9590f8302e81,2024-03-21 07:48:59.000 UTC
0xaf1c294e55d0cbd0f2617cbf1daba85c60c067c0,0xc71b5f631354be6853efe9c3ab6b9590f8302e81,2024-03-24 04:54:59.000 UTC
0xaf65fd9e02faf69b903362551833a844ec074e43,0xc71b5f631354be6853efe9c3ab6b9590f8302e81,2024-03-22 03:32:47.000 UTC
0xb0b1ca9aa7ccbec3cf4bdb156a1cdffdcfeff939,0xc71b5f631354be6853efe9c3ab6b9590f8302e81,2024-03-22 02:29:23.000 UTC
0xb55a0de90b975f2765a6f03121b6ca36e763e185,0xc71b5f631354be6853efe9c3ab6b9590f8302e81,2024-03-24 06:42:23.000 UTC
0xb9e9b25af1f510847c06a3438cceac95427fb38d,0xc71b5f631354be6853efe9c3ab6b9590f8302e81,2024-03-24 04:59:59.000 UTC
0xbacba849244c2c128e213ca8478922c582b109db,0xc71b5f631354be6853efe9c3ab6b9590f8302e81,2024-03-22 02:25:35.000 UTC
0xbc2dad42087759379ac91fb553667e740cc12be6,0xc71b5f631354be6853efe9c3ab6b9590f8302e81,2024-03-24 05:00:59.000 UTC
0xbf769f2c77003b4e588264544935c08fe4ddfe87,0xc71b5f631354be6853efe9c3ab6b9590f8302e81,2024-03-22 03:30:11.000 UTC
0xc064905743e9422cdd3382d814aa0033922456fe,0xc71b5f631354be6853efe9c3ab6b9590f8302e81,2024-03-21 09:08:23.000 UTC
0xc278f19af596becce253d38d2f2d043d43a22c4b,0xc71b5f631354be6853efe9c3ab6b9590f8302e81,2024-03-22 03:31:23.000 UTC
0xc4d7500eb604a5db80afff25279228d41909f613,0xc71b5f631354be6853efe9c3ab6b9590f8302e81,2024-03-21 07:48:59.000 UTC
0xc6db672b753fa29cd82e2817f1651ba547456687,0xc71b5f631354be6853efe9c3ab6b9590f8302e81,2024-03-22 03:33:23.000 UTC
0xc702e82f91e8599bb4bb404f65af5711fb4085de,0xc71b5f631354be6853efe9c3ab6b9590f8302e81,2024-03-22 02:26:11.000 UTC
0xca1a280021d518e8f6149aa767739b4ee73dc2dd,0xc71b5f631354be6853efe9c3ab6b9590f8302e81,2024-03-24 06:41:23.000 UTC
0xd17018acfda769402bbd23d3b17f24df24f3506d,0xc71b5f631354be6853efe9c3ab6b9590f8302e81,2024-03-24 07:14:23.000 UTC
0xd72053af8be0a1edb02d6acf2256b90deddeb579,0xc71b5f631354be6853efe9c3ab6b9590f8302e81,2024-03-24 05:12:23.000 UTC
0xd98a210edc72e8ee05710dbba81b9d82e0bac04d,0xc71b5f631354be6853efe9c3ab6b9590f8302e81,2024-03-22 13:02:35.000 UTC
0xdc80b0c8bb62c2244f4630a0c2cb1d8c804d0244,0xc71b5f631354be6853efe9c3ab6b9590f8302e81,2024-03-22 12:59:35.000 UTC
0xdfa1eb3a56c202811cf716c69c778746f45fae4b,0xc71b5f631354be6853efe9c3ab6b9590f8302e81,2024-03-22 13:03:47.000 UTC
0xdfa65933437b8d730ca8d89b646d7be4fa546d9c,0xc71b5f631354be6853efe9c3ab6b9590f8302e81,2024-03-21 07:52:11.000 UTC
0xdfdbebd71adaa2b8150b1833c033b58db003d169,0xc71b5f631354be6853efe9c3ab6b9590f8302e81,2024-03-22 02:29:35.000 UTC
0xe3ac28cd3bc471f5f5150c76e0ec2b523fca459a,0xc71b5f631354be6853efe9c3ab6b9590f8302e81,2024-03-22 03:29:23.000 UTC
0xe4504cccc624af7d571d45af7b6ee8c5f2ed7a16,0xc71b5f631354be6853efe9c3ab6b9590f8302e81,2024-03-22 13:00:35.000 UTC
0xe4c043669a1adc28b114ce50f055588a3dc94a0b,0xc71b5f631354be6853efe9c3ab6b9590f8302e81,2024-03-22 03:27:11.000 UTC
0xe6269f573d4a8bdd5a4c70ca7da5fde8598a4aa1,0xc71b5f631354be6853efe9c3ab6b9590f8302e81,2024-03-22 12:56:35.000 UTC
0xe9b479261d3fc47626a0bf5c9404d21fe3daf803,0xc71b5f631354be6853efe9c3ab6b9590f8302e81,2024-03-21 07:51:59.000 UTC
0xec03184e2c8de980b86df2668ae9d41c5cb0715e,0xc71b5f631354be6853efe9c3ab6b9590f8302e81,2024-03-22 02:27:47.000 UTC
0xec21f92f80540c51afce74ae264957f65239c9ec,0xc71b5f631354be6853efe9c3ab6b9590f8302e81,2024-03-22 03:29:23.000 UTC
0xedb9d0ef027205dcdbbc5a75f69b1d4218b3d0f4,0xc71b5f631354be6853efe9c3ab6b9590f8302e81,2024-03-24 06:39:59.000 UTC
0xee7cbb9d15c9e315c56ca6a2ae2b6f3926cf1189,0xc71b5f631354be6853efe9c3ab6b9590f8302e81,2024-03-22 13:01:59.000 UTC
0xef0b1ab983ff9251fd6e2aad02683456982eb65c,0xc71b5f631354be6853efe9c3ab6b9590f8302e81,2024-03-22 13:02:59.000 UTC
0xf4d4a49f08820b9e0dc929dc78f5127c4c362710,0xc71b5f631354be6853efe9c3ab6b9590f8302e81,2024-03-22 02:29:11.000 UTC
0xf6c1c1d8ecbcd45fc5f1e2dd34ac45ab7c6d3817,0xc71b5f631354be6853efe9c3ab6b9590f8302e81,2024-03-22 03:33:47.000 UTC
0xfd1602a13955157383c773ac9a16532b13eae949,0xc71b5f631354be6853efe9c3ab6b9590f8302e81,2024-03-22 03:31:47.000 UTC
